n_tf,n_runs,mean_r,median_r,max_r,min_r
1,7,0.4402221887930854,0.6035976628875453,0.6362555351734636,0.0003012596137526945
2,21,0.5205022465926531,0.6258393338911022,0.7766367957941497,0.007799407240582751
3,35,0.6270813231804587,0.6646483341893206,0.7906136862579556,-0.04350922207454838
4,35,0.6804594415588077,0.7019451486576452,0.800393074332583,-0.021764072153719012
5,21,0.7265088220386063,0.7563691208313973,0.8018760024673374,0.5472391029864608
6,7,0.7620002020394099,0.7784417559756494,0.803766886007456,0.681015982337121
7,1,0.7959008233783292,0.7959008233783292,0.7959008233783292,0.7959008233783292
