n_tf,n_runs,mean_r,median_r,max_r,min_r
1,7,0.4759323323561439,0.6410828498508617,0.6623465146600522,0.047900761468341414
2,21,0.608283655534693,0.6577865320560567,0.7294241255768511,0.00581891601542467
3,35,0.373914324377183,0.2727114474001847,0.7619344725369163,-0.09730023361688822
4,35,0.1691397093516013,0.16815556711183752,0.41023845127454206,-0.05468224397802452
5,21,0.1390739921880731,0.11321257729275414,0.5271402013233055,-0.023718193601490516
6,7,0.15888106345472577,0.13304962307566248,0.40296392673037745,0.03663634050884784
7,1,0.09491915045165196,0.09491915045165196,0.09491915045165196,0.09491915045165196
